Model Number,Product Name,Category,Discount(%),Price(Nrs),Rating
1,Vacuum Cleaner,Cleaning,5,500,4
2,Rice cooker,Cooking,10,9000,4
3,Air Fryer,Cooking,0,1900,4
4,Washing Machine,Cleaning,0,97000,3
5,Heater,Heating/cooling/refrigeration,20,12000,5
6,CC TV camera,Security,15,7500,5
7,Fan,Heating/cooling/refrigeration,0,3600,1
8,Walking sensor alarm,Security,5,1500,1
9,Television,Entertainment,5,75000,5
10,Computer desktop,Entertainment,0,155000,4
11,Micro Oven,Cooking,25,10500,4
12,Stove,Cooking,25,500,5
